effective_date,index,symbol_basket
2015-01-01,NIFTY50,"ACC,ADANIPORTS,AMBUJACEM,ASIANPAINT,AXISBANK,BAJAJ-AUTO,BANKBARODA,BHARTIARTL,BHEL,BOSCHLTD,BPCL,CAIRN,CIPLA,COALINDIA,DRREDDY,GAIL,GRASIM,HCLTECH,HDFC,HDFCBANK,HEROMOTOCO,HINDALCO,HINDUNILVR,ICICIBANK,IDEA,INDUSINDBK,INFY,ITC,KOTAKBANK,LT,LUPIN,M&M,MARUTI,NTPC,ONGC,PNB,POWERGRID,RELIANCE,SBIN,SUNPHARMA,TATAMOTORS,TATAPOWER,TATASTEEL,TCS,TECHM,ULTRACEMCO,VEDL,WIPRO,YESBANK,ZEEL"
2015-03-27,NIFTY50,"ACC,ADANIPORTS,AMBUJACEM,ASIANPAINT,AXISBANK,BAJAJ-AUTO,BANKBARODA,BHARTIARTL,BHEL,BOSCHLTD,BPCL,CAIRN,CIPLA,COALINDIA,DRREDDY,GAIL,GRASIM,HCLTECH,HDFC,HDFCBANK,HEROMOTOCO,HINDALCO,HINDUNILVR,ICICIBANK,IDEA,INDUSINDBK,INFY,ITC,KOTAKBANK,LT,LUPIN,M&M,MARUTI,NTPC,ONGC,PNB,POWERGRID,RELIANCE,SBIN,SUNPHARMA,TATAMOTORS,TATAPOWER,TATASTEEL,TCS,TECHM,ULTRACEMCO,VEDL,WIPRO,YESBANK,ZEEL"
2015-05-29,NIFTY50,"ACC,ADANIPORTS,AMBUJACEM,ASIANPAINT,AXISBANK,BAJAJ-AUTO,BANKBARODA,BHARTIARTL,BHEL,BOSCHLTD,BPCL,CAIRN,CIPLA,COALINDIA,DRREDDY,GAIL,GRASIM,HCLTECH,HDFC,HDFCBANK,HEROMOTOCO,HINDALCO,HINDUNILVR,ICICIBANK,IDEA,INDUSINDBK,INFY,ITC,KOTAKBANK,LT,LUPIN,M&M,MARUTI,NTPC,ONGC,PNB,POWERGRID,RELIANCE,SBIN,SUNPHARMA,TATAMOTORS,TATAPOWER,TATASTEEL,TCS,TECHM,ULTRACEMCO,VEDL,WIPRO,YESBANK,ZEEL"
2015-09-28,NIFTY50,"ACC,ADANIPORTS,AMBUJACEM,ASIANPAINT,AXISBANK,BAJAJ-AUTO,BANKBARODA,BHARTIARTL,BHEL,BOSCHLTD,BPCL,CAIRN,CIPLA,COALINDIA,DRREDDY,GAIL,GRASIM,HCLTECH,HDFC,HDFCBANK,HEROMOTOCO,HINDALCO,HINDUNILVR,ICICIBANK,IDEA,INDUSINDBK,INFY,ITC,KOTAKBANK,LT,LUPIN,M&M,MARUTI,NTPC,ONGC,PNB,POWERGRID,RELIANCE,SBIN,SUNPHARMA,TATAMOTORS,TATAPOWER,TATASTEEL,TCS,TECHM,ULTRACEMCO,VEDL,WIPRO,YESBANK,ZEEL"
2016-04-01,NIFTY50,"ACC,ADANIPORTS,AMBUJACEM,ASIANPAINT,AXISBANK,BAJAJ-AUTO,BANKBARODA,BHARTIARTL,BHEL,BOSCHLTD,BPCL,CIPLA,COALINDIA,DRREDDY,GAIL,GRASIM,HCLTECH,HDFC,HDFCBANK,HEROMOTOCO,HINDALCO,HINDUNILVR,ICICIBANK,IDEA,INDUSINDBK,INFY,ITC,KOTAKBANK,LT,LUPIN,M&M,MARUTI,NTPC,ONGC,POWERGRID,RELIANCE,SBIN,SUNPHARMA,TATAMOTORS,TATAPOWER,TATASTEEL,TCS,TECHM,ULTRACEMCO,WIPRO,YESBANK,ZEEL,AUROPHARMA,INFRATEL,EICHERMOT,TATAMTRDVR"
2017-03-31,NIFTY50,"ACC,ADANIPORTS,AMBUJACEM,ASIANPAINT,AXISBANK,BAJAJ-AUTO,BANKBARODA,BHARTIARTL,BOSCHLTD,BPCL,CIPLA,COALINDIA,DRREDDY,GAIL,GRASIM,HCLTECH,HDFC,HDFCBANK,HEROMOTOCO,HINDALCO,HINDUNILVR,ICICIBANK,INDUSINDBK,INFY,ITC,KOTAKBANK,LT,LUPIN,M&M,MARUTI,NTPC,ONGC,POWERGRID,RELIANCE,SBIN,SUNPHARMA,TATAMOTORS,TATAPOWER,TATASTEEL,TCS,TECHM,ULTRACEMCO,WIPRO,YESBANK,ZEEL,AUROPHARMA,INFRATEL,EICHERMOT,TATAMTRDVR,IBULHSGFIN,IOC"
2017-05-26,NIFTY50,"ACC,ADANIPORTS,AMBUJACEM,ASIANPAINT,AXISBANK,BAJAJ-AUTO,BANKBARODA,BHARTIARTL,BOSCHLTD,BPCL,CIPLA,COALINDIA,DRREDDY,GAIL,HCLTECH,HDFC,HDFCBANK,HEROMOTOCO,HINDALCO,HINDUNILVR,ICICIBANK,INDUSINDBK,INFY,ITC,KOTAKBANK,LT,LUPIN,M&M,MARUTI,NTPC,ONGC,POWERGRID,RELIANCE,SBIN,SUNPHARMA,TATAMOTORS,TATAPOWER,TATASTEEL,TCS,TECHM,ULTRACEMCO,WIPRO,YESBANK,ZEEL,AUROPHARMA,INFRATEL,EICHERMOT,TATAMTRDVR,IBULHSGFIN,IOC,VEDL"
2017-09-29,NIFTY50,"ADANIPORTS,AMBUJACEM,ASIANPAINT,AXISBANK,BAJAJ-AUTO,BHARTIARTL,BOSCHLTD,BPCL,CIPLA,COALINDIA,DRREDDY,GAIL,HCLTECH,HDFC,HDFCBANK,HEROMOTOCO,HINDALCO,HINDUNILVR,ICICIBANK,INDUSINDBK,INFY,ITC,KOTAKBANK,LT,LUPIN,M&M,MARUTI,NTPC,ONGC,POWERGRID,RELIANCE,SBIN,SUNPHARMA,TATAMOTORS,TATASTEEL,TCS,TECHM,ULTRACEMCO,WIPRO,YESBANK,ZEEL,AUROPHARMA,INFRATEL,EICHERMOT,IBULHSGFIN,IOC,VEDL,BAJFINANCE,HINDPETRO,UPL"
2018-04-02,NIFTY50,"ADANIPORTS,ASIANPAINT,AXISBANK,BAJAJ-AUTO,BHARTIARTL,BPCL,CIPLA,COALINDIA,DRREDDY,GAIL,HCLTECH,HDFC,HDFCBANK,HEROMOTOCO,HINDALCO,HINDUNILVR,ICICIBANK,INDUSINDBK,INFY,ITC,KOTAKBANK,LT,LUPIN,M&M,MARUTI,NTPC,ONGC,POWERGRID,RELIANCE,SBIN,SUNPHARMA,TATAMOTORS,TATASTEEL,TCS,TECHM,ULTRACEMCO,WIPRO,YESBANK,ZEEL,INFRATEL,EICHERMOT,IBULHSGFIN,IOC,VEDL,BAJFINANCE,HINDPETRO,UPL,BAJAJFINSV,GRASIM,TITAN"
2018-09-28,NIFTY50,"ADANIPORTS,ASIANPAINT,AXISBANK,BAJAJ-AUTO,BHARTIARTL,BPCL,CIPLA,COALINDIA,DRREDDY,GAIL,HCLTECH,HDFC,HDFCBANK,HEROMOTOCO,HINDALCO,HINDUNILVR,ICICIBANK,INDUSINDBK,INFY,ITC,KOTAKBANK,LT,M&M,MARUTI,NTPC,ONGC,POWERGRID,RELIANCE,SBIN,SUNPHARMA,TATAMOTORS,TATASTEEL,TCS,TECHM,ULTRACEMCO,WIPRO,YESBANK,ZEEL,INFRATEL,EICHERMOT,IBULHSGFIN,IOC,VEDL,BAJFINANCE,HINDPETRO,UPL,BAJAJFINSV,GRASIM,TITAN,JSWSTEEL"
2019-03-29,NIFTY50,"ADANIPORTS,ASIANPAINT,AXISBANK,BAJAJ-AUTO,BHARTIARTL,BPCL,CIPLA,COALINDIA,DRREDDY,GAIL,HCLTECH,HDFC,HDFCBANK,HEROMOTOCO,HINDALCO,HINDUNILVR,ICICIBANK,INDUSINDBK,INFY,ITC,KOTAKBANK,LT,M&M,MARUTI,NTPC,ONGC,POWERGRID,RELIANCE,SBIN,SUNPHARMA,TATAMOTORS,TATASTEEL,TCS,TECHM,ULTRACEMCO,WIPRO,YESBANK,ZEEL,INFRATEL,EICHERMOT,IBULHSGFIN,IOC,VEDL,BAJFINANCE,UPL,BAJAJFINSV,GRASIM,TITAN,JSWSTEEL,BRITANNIA"
2019-09-27,NIFTY50,"ADANIPORTS,ASIANPAINT,AXISBANK,BAJAJ-AUTO,BHARTIARTL,BPCL,CIPLA,COALINDIA,DRREDDY,GAIL,HCLTECH,HDFC,HDFCBANK,HEROMOTOCO,HINDALCO,HINDUNILVR,ICICIBANK,INDUSINDBK,INFY,ITC,KOTAKBANK,LT,M&M,MARUTI,NTPC,ONGC,POWERGRID,RELIANCE,SBIN,SUNPHARMA,TATAMOTORS,TATASTEEL,TCS,TECHM,ULTRACEMCO,WIPRO,YESBANK,ZEEL,INFRATEL,EICHERMOT,IOC,VEDL,BAJFINANCE,UPL,BAJAJFINSV,GRASIM,TITAN,JSWSTEEL,BRITANNIA,NESTLEIND"
2020-03-19,NIFTY50,"ADANIPORTS,ASIANPAINT,AXISBANK,BAJAJ-AUTO,BHARTIARTL,BPCL,CIPLA,COALINDIA,DRREDDY,GAIL,HCLTECH,HDFC,HDFCBANK,HEROMOTOCO,HINDALCO,HINDUNILVR,ICICIBANK,INDUSINDBK,INFY,ITC,KOTAKBANK,LT,M&M,MARUTI,NTPC,ONGC,POWERGRID,RELIANCE,SBIN,SUNPHARMA,TATAMOTORS,TATASTEEL,TCS,TECHM,ULTRACEMCO,WIPRO,ZEEL,INFRATEL,EICHERMOT,IOC,VEDL,BAJFINANCE,UPL,BAJAJFINSV,GRASIM,TITAN,JSWSTEEL,BRITANNIA,NESTLEIND,SHREECEM"
2020-07-31,NIFTY50,"ADANIPORTS,ASIANPAINT,AXISBANK,BAJAJ-AUTO,BHARTIARTL,BPCL,CIPLA,COALINDIA,DRREDDY,GAIL,HCLTECH,HDFC,HDFCBANK,HEROMOTOCO,HINDALCO,HINDUNILVR,ICICIBANK,INDUSINDBK,INFY,ITC,KOTAKBANK,LT,M&M,MARUTI,NTPC,ONGC,POWERGRID,RELIANCE,SBIN,SUNPHARMA,TATAMOTORS,TATASTEEL,TCS,TECHM,ULTRACEMCO,WIPRO,ZEEL,INFRATEL,EICHERMOT,IOC,BAJFINANCE,UPL,BAJAJFINSV,GRASIM,TITAN,JSWSTEEL,BRITANNIA,NESTLEIND,SHREECEM,HDFCLIFE"
2020-09-25,NIFTY50,"ADANIPORTS,ASIANPAINT,AXISBANK,BAJAJ-AUTO,BHARTIARTL,BPCL,CIPLA,COALINDIA,DRREDDY,GAIL,HCLTECH,HDFC,HDFCBANK,HEROMOTOCO,HINDALCO,HINDUNILVR,ICICIBANK,INDUSINDBK,INFY,ITC,KOTAKBANK,LT,M&M,MARUTI,NTPC,ONGC,POWERGRID,RELIANCE,SBIN,SUNPHARMA,TATAMOTORS,TATASTEEL,TCS,TECHM,ULTRACEMCO,WIPRO,EICHERMOT,IOC,BAJFINANCE,UPL,BAJAJFINSV,GRASIM,TITAN,JSWSTEEL,BRITANNIA,NESTLEIND,SHREECEM,HDFCLIFE,SBILIFE,DIVISLAB"
2021-03-31,NIFTY50,"ADANIPORTS,ASIANPAINT,AXISBANK,BAJAJ-AUTO,BHARTIARTL,BPCL,CIPLA,COALINDIA,DRREDDY,HCLTECH,HDFC,HDFCBANK,HEROMOTOCO,HINDALCO,HINDUNILVR,ICICIBANK,INDUSINDBK,INFY,ITC,KOTAKBANK,LT,M&M,MARUTI,NTPC,ONGC,POWERGRID,RELIANCE,SBIN,SUNPHARMA,TATAMOTORS,TATASTEEL,TCS,TECHM,ULTRACEMCO,WIPRO,EICHERMOT,IOC,BAJFINANCE,UPL,BAJAJFINSV,GRASIM,TITAN,JSWSTEEL,BRITANNIA,NESTLEIND,SHREECEM,HDFCLIFE,SBILIFE,DIVISLAB,TATACONSUM"
2022-03-31,NIFTY50,"ADANIPORTS,ASIANPAINT,AXISBANK,BAJAJ-AUTO,BHARTIARTL,BPCL,CIPLA,COALINDIA,DRREDDY,HCLTECH,HDFC,HDFCBANK,HEROMOTOCO,HINDALCO,HINDUNILVR,ICICIBANK,INDUSINDBK,INFY,ITC,KOTAKBANK,LT,M&M,MARUTI,NTPC,ONGC,POWERGRID,RELIANCE,SBIN,SUNPHARMA,TATAMOTORS,TATASTEEL,TCS,TECHM,ULTRACEMCO,WIPRO,EICHERMOT,BAJFINANCE,UPL,BAJAJFINSV,GRASIM,TITAN,JSWSTEEL,BRITANNIA,NESTLEIND,SHREECEM,HDFCLIFE,SBILIFE,DIVISLAB,TATACONSUM,APOLLOHOSP"
2022-09-30,NIFTY50,"ADANIPORTS,ASIANPAINT,AXISBANK,BAJAJ-AUTO,BHARTIARTL,BPCL,CIPLA,COALINDIA,DRREDDY,HCLTECH,HDFC,HDFCBANK,HEROMOTOCO,HINDALCO,HINDUNILVR,ICICIBANK,INDUSINDBK,INFY,ITC,KOTAKBANK,LT,M&M,MARUTI,NTPC,ONGC,POWERGRID,RELIANCE,SBIN,SUNPHARMA,TATAMOTORS,TATASTEEL,TCS,TECHM,ULTRACEMCO,WIPRO,EICHERMOT,BAJFINANCE,UPL,BAJAJFINSV,GRASIM,TITAN,JSWSTEEL,BRITANNIA,NESTLEIND,HDFCLIFE,SBILIFE,DIVISLAB,TATACONSUM,APOLLOHOSP,ADANIENT"
2023-07-13,NIFTY50,"ADANIPORTS,ASIANPAINT,AXISBANK,BAJAJ-AUTO,BHARTIARTL,BPCL,CIPLA,COALINDIA,DRREDDY,HCLTECH,HDFCBANK,HEROMOTOCO,HINDALCO,HINDUNILVR,ICICIBANK,INDUSINDBK,INFY,ITC,KOTAKBANK,LT,M&M,MARUTI,NTPC,ONGC,POWERGRID,RELIANCE,SBIN,SUNPHARMA,TATAMOTORS,TATASTEEL,TCS,TECHM,ULTRACEMCO,WIPRO,EICHERMOT,BAJFINANCE,UPL,BAJAJFINSV,GRASIM,TITAN,JSWSTEEL,BRITANNIA,NESTLEIND,HDFCLIFE,SBILIFE,DIVISLAB,TATACONSUM,APOLLOHOSP,ADANIENT,LTIM"
2024-03-28,NIFTY50,"ADANIPORTS,ASIANPAINT,AXISBANK,BAJAJ-AUTO,BHARTIARTL,BPCL,CIPLA,COALINDIA,DRREDDY,HCLTECH,HDFCBANK,HEROMOTOCO,HINDALCO,HINDUNILVR,ICICIBANK,INDUSINDBK,INFY,ITC,KOTAKBANK,LT,M&M,MARUTI,NTPC,ONGC,POWERGRID,RELIANCE,SBIN,SUNPHARMA,TATAMOTORS,TATASTEEL,TCS,TECHM,ULTRACEMCO,WIPRO,EICHERMOT,BAJFINANCE,BAJAJFINSV,GRASIM,TITAN,JSWSTEEL,BRITANNIA,NESTLEIND,HDFCLIFE,SBILIFE,DIVISLAB,TATACONSUM,APOLLOHOSP,ADANIENT,LTIM,SHRIRAMFIN"
2024-09-30,NIFTY50,"ADANIPORTS,ASIANPAINT,AXISBANK,BAJAJ-AUTO,BHARTIARTL,BPCL,CIPLA,COALINDIA,DRREDDY,HCLTECH,HDFCBANK,HEROMOTOCO,HINDALCO,HINDUNILVR,ICICIBANK,INDUSINDBK,INFY,ITC,KOTAKBANK,LT,M&M,MARUTI,NTPC,ONGC,POWERGRID,RELIANCE,SBIN,SUNPHARMA,TATAMOTORS,TATASTEEL,TCS,TECHM,ULTRACEMCO,WIPRO,EICHERMOT,BAJFINANCE,BAJAJFINSV,GRASIM,TITAN,JSWSTEEL,BRITANNIA,NESTLEIND,HDFCLIFE,SBILIFE,TATACONSUM,APOLLOHOSP,ADANIENT,SHRIRAMFIN,BEL,TRENT"
2025-03-28,NIFTY50,"ADANIPORTS,ASIANPAINT,AXISBANK,BAJAJ-AUTO,BHARTIARTL,CIPLA,COALINDIA,DRREDDY,HCLTECH,HDFCBANK,HEROMOTOCO,HINDALCO,HINDUNILVR,ICICIBANK,INDUSINDBK,INFY,ITC,KOTAKBANK,LT,M&M,MARUTI,NTPC,ONGC,POWERGRID,RELIANCE,SBIN,SUNPHARMA,TATAMOTORS,TATASTEEL,TCS,TECHM,ULTRACEMCO,WIPRO,EICHERMOT,BAJFINANCE,BAJAJFINSV,GRASIM,TITAN,JSWSTEEL,NESTLEIND,HDFCLIFE,SBILIFE,TATACONSUM,APOLLOHOSP,ADANIENT,SHRIRAMFIN,BEL,TRENT,JIOFIN,ETERNAL"
2025-09-30,NIFTY50,"ADANIPORTS,ASIANPAINT,AXISBANK,BAJAJ-AUTO,BHARTIARTL,CIPLA,COALINDIA,DRREDDY,HCLTECH,HDFCBANK,HINDALCO,HINDUNILVR,ICICIBANK,INFY,ITC,KOTAKBANK,LT,M&M,MARUTI,NTPC,ONGC,POWERGRID,RELIANCE,SBIN,SUNPHARMA,TATAMOTORS,TATASTEEL,TCS,TECHM,ULTRACEMCO,WIPRO,EICHERMOT,BAJFINANCE,BAJAJFINSV,GRASIM,TITAN,JSWSTEEL,NESTLEIND,HDFCLIFE,SBILIFE,TATACONSUM,APOLLOHOSP,ADANIENT,SHRIRAMFIN,BEL,TRENT,JIOFIN,ETERNAL,INDIGO,MAXHEALTH"
2026-09-30,NIFTY50,"ADANIPORTS,ASIANPAINT,AXISBANK,BAJAJ-AUTO,BHARTIARTL,CIPLA,COALINDIA,DRREDDY,HCLTECH,HDFCBANK,HINDALCO,HINDUNILVR,ICICIBANK,INFY,ITC,KOTAKBANK,LT,M&M,MARUTI,NTPC,ONGC,POWERGRID,RELIANCE,SBIN,SUNPHARMA,TATAMOTORS,TATASTEEL,TCS,TECHM,ULTRACEMCO,EICHERMOT,BAJFINANCE,BAJAJFINSV,GRASIM,TITAN,JSWSTEEL,NESTLEIND,HDFCLIFE,SBILIFE,TATACONSUM,APOLLOHOSP,ADANIENT,SHRIRAMFIN,BEL,TRENT,JIOFIN,ETERNAL,INDIGO,MAXHEALTH,BSE"
