index_code,security_id,valid_from,valid_to,membership_type,symbol_as_announced,inclusion_reason,exclusion_reason,inclusion_source,exclusion_source,verification,notes
NIFTY50,ACC,2015-09-28,2017-09-29,regular,ACC,start basket reconstructed from later press releases,semi-annual review; back to 50 securities,https://www.business-standard.com/article/companies/adani-ports-to-replace-nmdc-in-nifty-115081201423_1.html,https://www.niftyindices.com/Press_Release/ind_prs28082017.pdf,derived,
NIFTY50,ADANIPORTS,2015-09-28,,regular,ADANIPORTS,start basket reconstructed from later press releases,,https://www.business-standard.com/article/companies/adani-ports-to-replace-nmdc-in-nifty-115081201423_1.html,,derived,
NIFTY50,AMBUJACEM,2015-09-28,2018-04-02,regular,AMBUJACEM,start basket reconstructed from later press releases,semi-annual review,https://www.business-standard.com/article/companies/adani-ports-to-replace-nmdc-in-nifty-115081201423_1.html,https://www.niftyindices.com/Press_Release/ind_prs21022018.pdf,derived,
NIFTY50,ASIANPAINT,2015-09-28,,regular,ASIANPAINT,start basket reconstructed from later press releases,,https://www.business-standard.com/article/companies/adani-ports-to-replace-nmdc-in-nifty-115081201423_1.html,,derived,
NIFTY50,AXISBANK,2015-09-28,,regular,AXISBANK,start basket reconstructed from later press releases,,https://www.business-standard.com/article/companies/adani-ports-to-replace-nmdc-in-nifty-115081201423_1.html,,derived,
NIFTY50,BAJAJ-AUTO,2015-09-28,,regular,BAJAJ-AUTO,start basket reconstructed from later press releases,,https://www.business-standard.com/article/companies/adani-ports-to-replace-nmdc-in-nifty-115081201423_1.html,,derived,
NIFTY50,BANKBARODA,2015-09-28,2017-09-29,regular,BANKBARODA,start basket reconstructed from later press releases,semi-annual review; back to 50 securities,https://www.business-standard.com/article/companies/adani-ports-to-replace-nmdc-in-nifty-115081201423_1.html,https://www.niftyindices.com/Press_Release/ind_prs28082017.pdf,derived,
NIFTY50,BHARTIARTL,2015-09-28,,regular,BHARTIARTL,start basket reconstructed from later press releases,,https://www.business-standard.com/article/companies/adani-ports-to-replace-nmdc-in-nifty-115081201423_1.html,,derived,
NIFTY50,BHEL,2015-09-28,2017-03-31,regular,BHEL,start basket reconstructed from later press releases,semi-annual review,https://www.business-standard.com/article/companies/adani-ports-to-replace-nmdc-in-nifty-115081201423_1.html,https://www.niftyindices.com/Press_Release/ind_prs16022017.pdf,derived,
NIFTY50,BOSCHLTD,2015-09-28,2018-04-02,regular,BOSCHLTD,start basket reconstructed from later press releases,semi-annual review,https://www.business-standard.com/article/companies/adani-ports-to-replace-nmdc-in-nifty-115081201423_1.html,https://www.niftyindices.com/Press_Release/ind_prs21022018.pdf,derived,
NIFTY50,BPCL,2015-09-28,2025-03-28,regular,BPCL,start basket reconstructed from later press releases,semi-annual review,https://www.business-standard.com/article/companies/adani-ports-to-replace-nmdc-in-nifty-115081201423_1.html,https://www.niftyindices.com/Press_Release/ind_prs21022025.pdf,derived,
NIFTY50,CAIRN,2015-09-28,2016-04-01,regular,CAIRN,start basket reconstructed from later press releases,semi-annual review; DVR added as separate security (51 securities),https://www.business-standard.com/article/companies/adani-ports-to-replace-nmdc-in-nifty-115081201423_1.html,https://www.niftyindices.com/Press_Release/ind_prs22022016_2.pdf,derived,
NIFTY50,CIPLA,2015-09-28,,regular,CIPLA,start basket reconstructed from later press releases,,https://www.business-standard.com/article/companies/adani-ports-to-replace-nmdc-in-nifty-115081201423_1.html,,derived,
NIFTY50,COALINDIA,2015-09-28,,regular,COALINDIA,start basket reconstructed from later press releases,,https://www.business-standard.com/article/companies/adani-ports-to-replace-nmdc-in-nifty-115081201423_1.html,,derived,
NIFTY50,DRREDDY,2015-09-28,,regular,DRREDDY,start basket reconstructed from later press releases,,https://www.business-standard.com/article/companies/adani-ports-to-replace-nmdc-in-nifty-115081201423_1.html,,derived,
NIFTY50,GAIL,2015-09-28,2021-03-31,regular,GAIL,start basket reconstructed from later press releases,semi-annual review,https://www.business-standard.com/article/companies/adani-ports-to-replace-nmdc-in-nifty-115081201423_1.html,https://www.niftyindices.com/Press_Release/ind_prs23022021.pdf,derived,
NIFTY50,GRASIM,2015-09-28,2017-05-26,regular,GRASIM,start basket reconstructed from later press releases,ad hoc: Grasim-ABNL merger and ABFSL demerger,https://www.business-standard.com/article/companies/adani-ports-to-replace-nmdc-in-nifty-115081201423_1.html,https://www.niftyindices.com/Press_Release/ind_prs27042017.pdf,derived,
NIFTY50,HCLTECH,2015-09-28,,regular,HCLTECH,start basket reconstructed from later press releases,,https://www.business-standard.com/article/companies/adani-ports-to-replace-nmdc-in-nifty-115081201423_1.html,,derived,
NIFTY50,HDFC,2015-09-28,2023-07-13,regular,HDFC,start basket reconstructed from later press releases,ad hoc: HDFC merged into HDFCBANK; HDFC suspended from 2023-07-13,https://www.business-standard.com/article/companies/adani-ports-to-replace-nmdc-in-nifty-115081201423_1.html,https://www.niftyindices.com/Press_Release/ind_prs04072023.pdf,derived,last trading day 2023-07-12; merged into HDFCBANK (42 HDFCBANK per 25 HDFC)
NIFTY50,HDFCBANK,2015-09-28,,regular,HDFCBANK,start basket reconstructed from later press releases,,https://www.business-standard.com/article/companies/adani-ports-to-replace-nmdc-in-nifty-115081201423_1.html,,derived,
NIFTY50,HEROMOTOCO,2015-09-28,2025-09-30,regular,HEROMOTOCO,start basket reconstructed from later press releases,semi-annual review,https://www.business-standard.com/article/companies/adani-ports-to-replace-nmdc-in-nifty-115081201423_1.html,https://www.niftyindices.com/Press_Release/ind_prs22082025.pdf,derived,
NIFTY50,HINDALCO,2015-09-28,,regular,HINDALCO,start basket reconstructed from later press releases,,https://www.business-standard.com/article/companies/adani-ports-to-replace-nmdc-in-nifty-115081201423_1.html,,derived,
NIFTY50,HINDUNILVR,2015-09-28,,regular,HINDUNILVR,start basket reconstructed from later press releases,,https://www.business-standard.com/article/companies/adani-ports-to-replace-nmdc-in-nifty-115081201423_1.html,,derived,
NIFTY50,ICICIBANK,2015-09-28,,regular,ICICIBANK,start basket reconstructed from later press releases,,https://www.business-standard.com/article/companies/adani-ports-to-replace-nmdc-in-nifty-115081201423_1.html,,derived,
NIFTY50,IDEA,2015-09-28,2017-03-31,regular,IDEA,start basket reconstructed from later press releases,semi-annual review,https://www.business-standard.com/article/companies/adani-ports-to-replace-nmdc-in-nifty-115081201423_1.html,https://www.niftyindices.com/Press_Release/ind_prs16022017.pdf,derived,
NIFTY50,INDUSINDBK,2015-09-28,2025-09-30,regular,INDUSINDBK,start basket reconstructed from later press releases,semi-annual review,https://www.business-standard.com/article/companies/adani-ports-to-replace-nmdc-in-nifty-115081201423_1.html,https://www.niftyindices.com/Press_Release/ind_prs22082025.pdf,derived,
NIFTY50,INFY,2015-09-28,,regular,INFY,start basket reconstructed from later press releases,,https://www.business-standard.com/article/companies/adani-ports-to-replace-nmdc-in-nifty-115081201423_1.html,,derived,
NIFTY50,ITC,2015-09-28,,regular,ITC,start basket reconstructed from later press releases,,https://www.business-standard.com/article/companies/adani-ports-to-replace-nmdc-in-nifty-115081201423_1.html,,derived,
NIFTY50,KOTAKBANK,2015-09-28,,regular,KOTAKBANK,start basket reconstructed from later press releases,,https://www.business-standard.com/article/companies/adani-ports-to-replace-nmdc-in-nifty-115081201423_1.html,,derived,
NIFTY50,LT,2015-09-28,,regular,LT,start basket reconstructed from later press releases,,https://www.business-standard.com/article/companies/adani-ports-to-replace-nmdc-in-nifty-115081201423_1.html,,derived,
NIFTY50,LUPIN,2015-09-28,2018-09-28,regular,LUPIN,start basket reconstructed from later press releases,semi-annual review,https://www.business-standard.com/article/companies/adani-ports-to-replace-nmdc-in-nifty-115081201423_1.html,https://www.niftyindices.com/Press_Release/ind_prs28082018.pdf,derived,
NIFTY50,M&M,2015-09-28,,regular,M&M,start basket reconstructed from later press releases,,https://www.business-standard.com/article/companies/adani-ports-to-replace-nmdc-in-nifty-115081201423_1.html,,derived,
NIFTY50,MARUTI,2015-09-28,,regular,MARUTI,start basket reconstructed from later press releases,,https://www.business-standard.com/article/companies/adani-ports-to-replace-nmdc-in-nifty-115081201423_1.html,,derived,
NIFTY50,NTPC,2015-09-28,,regular,NTPC,start basket reconstructed from later press releases,,https://www.business-standard.com/article/companies/adani-ports-to-replace-nmdc-in-nifty-115081201423_1.html,,derived,
NIFTY50,ONGC,2015-09-28,,regular,ONGC,start basket reconstructed from later press releases,,https://www.business-standard.com/article/companies/adani-ports-to-replace-nmdc-in-nifty-115081201423_1.html,,derived,
NIFTY50,PNB,2015-09-28,2016-04-01,regular,PNB,start basket reconstructed from later press releases,semi-annual review; DVR added as separate security (51 securities),https://www.business-standard.com/article/companies/adani-ports-to-replace-nmdc-in-nifty-115081201423_1.html,https://www.niftyindices.com/Press_Release/ind_prs22022016_2.pdf,derived,
NIFTY50,POWERGRID,2015-09-28,,regular,POWERGRID,start basket reconstructed from later press releases,,https://www.business-standard.com/article/companies/adani-ports-to-replace-nmdc-in-nifty-115081201423_1.html,,derived,
NIFTY50,RELIANCE,2015-09-28,,regular,RELIANCE,start basket reconstructed from later press releases,,https://www.business-standard.com/article/companies/adani-ports-to-replace-nmdc-in-nifty-115081201423_1.html,,derived,
NIFTY50,SBIN,2015-09-28,,regular,SBIN,start basket reconstructed from later press releases,,https://www.business-standard.com/article/companies/adani-ports-to-replace-nmdc-in-nifty-115081201423_1.html,,derived,
NIFTY50,SUNPHARMA,2015-09-28,,regular,SUNPHARMA,start basket reconstructed from later press releases,,https://www.business-standard.com/article/companies/adani-ports-to-replace-nmdc-in-nifty-115081201423_1.html,,derived,
NIFTY50,TATAPOWER,2015-09-28,2017-09-29,regular,TATAPOWER,start basket reconstructed from later press releases,semi-annual review; back to 50 securities,https://www.business-standard.com/article/companies/adani-ports-to-replace-nmdc-in-nifty-115081201423_1.html,https://www.niftyindices.com/Press_Release/ind_prs28082017.pdf,derived,
NIFTY50,TATASTEEL,2015-09-28,,regular,TATASTEEL,start basket reconstructed from later press releases,,https://www.business-standard.com/article/companies/adani-ports-to-replace-nmdc-in-nifty-115081201423_1.html,,derived,
NIFTY50,TCS,2015-09-28,,regular,TCS,start basket reconstructed from later press releases,,https://www.business-standard.com/article/companies/adani-ports-to-replace-nmdc-in-nifty-115081201423_1.html,,derived,
NIFTY50,TECHM,2015-09-28,,regular,TECHM,start basket reconstructed from later press releases,,https://www.business-standard.com/article/companies/adani-ports-to-replace-nmdc-in-nifty-115081201423_1.html,,derived,
NIFTY50,TMPV,2015-09-28,,regular,TATAMOTORS,start basket reconstructed from later press releases,,https://www.business-standard.com/article/companies/adani-ports-to-replace-nmdc-in-nifty-115081201423_1.html,,derived,"symbol TATAMOTORS until 2025-10-23, TMPV from 2025-10-24 (same ISIN INE155A01022)"
NIFTY50,ULTRACEMCO,2015-09-28,,regular,ULTRACEMCO,start basket reconstructed from later press releases,,https://www.business-standard.com/article/companies/adani-ports-to-replace-nmdc-in-nifty-115081201423_1.html,,derived,
NIFTY50,VEDL,2015-09-28,2016-04-01,regular,VEDL,start basket reconstructed from later press releases,semi-annual review; DVR added as separate security (51 securities),https://www.business-standard.com/article/companies/adani-ports-to-replace-nmdc-in-nifty-115081201423_1.html,https://www.niftyindices.com/Press_Release/ind_prs22022016_2.pdf,derived,
NIFTY50,WIPRO,2015-09-28,2026-09-30,regular,WIPRO,start basket reconstructed from later press releases,semi-annual review announced 2026-08-10; not effective yet,https://www.business-standard.com/article/companies/adani-ports-to-replace-nmdc-in-nifty-115081201423_1.html,https://www.niftyindices.com/Press_Release/ind_prs10082026.pdf,derived,exclusion effective 2026-09-30 announced 2026-08-10
NIFTY50,YESBANK,2015-09-28,2020-03-19,regular,YESBANK,start basket reconstructed from later press releases,brought forward from 2020-03-27 after Yes Bank reconstruction scheme,https://www.business-standard.com/article/companies/adani-ports-to-replace-nmdc-in-nifty-115081201423_1.html,https://www.niftyindices.com/Press_Release/ind_prs16032020.pdf,derived,
NIFTY50,ZEEL,2015-09-28,2020-09-25,regular,ZEEL,start basket reconstructed from later press releases,semi-annual review,https://www.business-standard.com/article/companies/adani-ports-to-replace-nmdc-in-nifty-115081201423_1.html,https://www.niftyindices.com/Press_Release/ind_prs20082020.pdf,derived,
NIFTY50,AUROPHARMA,2016-04-01,2018-04-02,regular,AUROPHARMA,semi-annual review; DVR added as separate security (51 securities),semi-annual review,https://www.niftyindices.com/Press_Release/ind_prs22022016_2.pdf,https://www.niftyindices.com/Press_Release/ind_prs21022018.pdf,verified,
NIFTY50,EICHERMOT,2016-04-01,,regular,EICHERMOT,semi-annual review; DVR added as separate security (51 securities),,https://www.niftyindices.com/Press_Release/ind_prs22022016_2.pdf,,verified,
NIFTY50,INDUSTOWER,2016-04-01,2020-09-25,regular,INFRATEL,semi-annual review; DVR added as separate security (51 securities),semi-annual review,https://www.niftyindices.com/Press_Release/ind_prs22022016_2.pdf,https://www.niftyindices.com/Press_Release/ind_prs20082020.pdf,verified,stored as INDUSTOWER (renamed 2020-12-18 after leaving the index)
NIFTY50,TATAMTRDVR,2016-04-01,2017-09-29,regular,TATAMTRDVR,semi-annual review; DVR added as separate security (51 securities),semi-annual review; back to 50 securities,https://www.niftyindices.com/Press_Release/ind_prs22022016_2.pdf,https://www.niftyindices.com/Press_Release/ind_prs28082017.pdf,verified,"DVR share class counted as a separate security (51 securities, 50 companies)"
NIFTY50,IOC,2017-03-31,2022-03-31,regular,IOC,semi-annual review,semi-annual review,https://www.niftyindices.com/Press_Release/ind_prs16022017.pdf,https://www.niftyindices.com/Press_Release/ind_prs24022022_1.pdf,verified,
NIFTY50,SAMMAANCAP,2017-03-31,2019-09-27,regular,IBULHSGFIN,semi-annual review,semi-annual review,https://www.niftyindices.com/Press_Release/ind_prs16022017.pdf,https://www.niftyindices.com/Press_Release/ind_prs28082019.pdf,verified,stored as SAMMAANCAP (renamed 2024-07-26 after leaving the index)
NIFTY50,VEDL,2017-05-26,2020-07-31,regular,VEDL,ad hoc: Grasim-ABNL merger and ABFSL demerger,ad hoc: Vedanta proposed delisting,https://www.niftyindices.com/Press_Release/ind_prs27042017.pdf,https://www.niftyindices.com/Press_Release/ind_prs02072020_1.pdf,verified,
NIFTY50,BAJFINANCE,2017-09-29,,regular,BAJFINANCE,semi-annual review; back to 50 securities,,https://www.niftyindices.com/Press_Release/ind_prs28082017.pdf,,verified,
NIFTY50,HINDPETRO,2017-09-29,2019-03-29,regular,HINDPETRO,semi-annual review; back to 50 securities,semi-annual review,https://www.niftyindices.com/Press_Release/ind_prs28082017.pdf,https://www.niftyindices.com/Press_Release/ind_prs25022019.pdf,verified,
NIFTY50,UPL,2017-09-29,2024-03-28,regular,UPL,semi-annual review; back to 50 securities,semi-annual review,https://www.niftyindices.com/Press_Release/ind_prs28082017.pdf,https://www.niftyindices.com/Press_Release/ind_prs28022024.pdf,verified,
NIFTY50,BAJAJFINSV,2018-04-02,,regular,BAJAJFINSV,semi-annual review,,https://www.niftyindices.com/Press_Release/ind_prs21022018.pdf,,verified,
NIFTY50,GRASIM,2018-04-02,,regular,GRASIM,semi-annual review,,https://www.niftyindices.com/Press_Release/ind_prs21022018.pdf,,verified,
NIFTY50,TITAN,2018-04-02,,regular,TITAN,semi-annual review,,https://www.niftyindices.com/Press_Release/ind_prs21022018.pdf,,verified,
NIFTY50,JSWSTEEL,2018-09-28,,regular,JSWSTEEL,semi-annual review,,https://www.niftyindices.com/Press_Release/ind_prs28082018.pdf,,verified,
NIFTY50,BRITANNIA,2019-03-29,2025-03-28,regular,BRITANNIA,semi-annual review,semi-annual review,https://www.niftyindices.com/Press_Release/ind_prs25022019.pdf,https://www.niftyindices.com/Press_Release/ind_prs21022025.pdf,verified,
NIFTY50,NESTLEIND,2019-09-27,,regular,NESTLEIND,semi-annual review,,https://www.niftyindices.com/Press_Release/ind_prs28082019.pdf,,verified,
NIFTY50,SHREECEM,2020-03-19,2022-09-30,regular,SHREECEM,brought forward from 2020-03-27 after Yes Bank reconstruction scheme,semi-annual review,https://www.niftyindices.com/Press_Release/ind_prs16032020.pdf,https://www.niftyindices.com/Press_Release/ind_prs01092022.pdf,verified,
NIFTY50,HDFCLIFE,2020-07-31,,regular,HDFCLIFE,ad hoc: Vedanta proposed delisting,,https://www.niftyindices.com/Press_Release/ind_prs02072020_1.pdf,,verified,
NIFTY50,DIVISLAB,2020-09-25,2024-09-30,regular,DIVISLAB,semi-annual review,semi-annual review,https://www.niftyindices.com/Press_Release/ind_prs20082020.pdf,https://www.niftyindices.com/Press_Release/ind_prs23082024.pdf,verified,
NIFTY50,SBILIFE,2020-09-25,,regular,SBILIFE,semi-annual review,,https://www.niftyindices.com/Press_Release/ind_prs20082020.pdf,,verified,
NIFTY50,TATACONSUM,2021-03-31,,regular,TATACONSUM,semi-annual review,,https://www.niftyindices.com/Press_Release/ind_prs23022021.pdf,,verified,
NIFTY50,APOLLOHOSP,2022-03-31,,regular,APOLLOHOSP,semi-annual review,,https://www.niftyindices.com/Press_Release/ind_prs24022022_1.pdf,,verified,
NIFTY50,ADANIENT,2022-09-30,,regular,ADANIENT,semi-annual review,,https://www.niftyindices.com/Press_Release/ind_prs01092022.pdf,,verified,
NIFTY50,LTM,2023-07-13,2024-09-30,regular,LTIM,ad hoc: HDFC merged into HDFCBANK; HDFC suspended from 2023-07-13,semi-annual review,https://www.niftyindices.com/Press_Release/ind_prs04072023.pdf,https://www.niftyindices.com/Press_Release/ind_prs23082024.pdf,verified,"stored as LTM (LTI->LTIM 2022-12-05, LTIM->LTM 2026-02-27, same ISIN)"
NIFTY50,JIOFIN,2023-07-20,2023-09-07,demerger_placeholder,RELIANCE (demerged: Reliance Strategic Investments),demerger placeholder: Reliance ex-demerger (51 securities),placeholder exclusion after listing on 2023-08-21,https://www.niftyindices.com/Press_Release/ind_prs17072023.pdf,https://www.niftyindices.com/Press_Release/ind_prs05092023.pdf,verified,placeholder at fixed price until listing 2023-08-21; traded in index 2023-08-21..2023-09-06
NIFTY50,SHRIRAMFIN,2024-03-28,,regular,SHRIRAMFIN,semi-annual review,,https://www.niftyindices.com/Press_Release/ind_prs28022024.pdf,,verified,
NIFTY50,BEL,2024-09-30,,regular,BEL,semi-annual review,,https://www.niftyindices.com/Press_Release/ind_prs23082024.pdf,,verified,
NIFTY50,TRENT,2024-09-30,,regular,TRENT,semi-annual review,,https://www.niftyindices.com/Press_Release/ind_prs23082024.pdf,,verified,
NIFTY50,ITCHOTELS,2025-01-06,2025-02-10,demerger_placeholder,DUMMYITC,demerger placeholder DUMMYITC: ITC ex-demerger (51 securities),placeholder exclusion after listing on 2025-01-29,https://www.niftyindices.com/Press_Release/ind_prs30122024.pdf,https://www.niftyindices.com/Press_Release/ind_prs06022025_1.pdf,verified,placeholder DUMMYITC at zero price until listing 2025-01-29; traded in index 2025-01-29..2025-02-07
NIFTY50,ETERNAL,2025-03-28,,regular,ZOMATO,semi-annual review,,https://www.niftyindices.com/Press_Release/ind_prs21022025.pdf,,verified,"symbol ZOMATO until 2025-04-08, ETERNAL from 2025-04-09 (same ISIN)"
NIFTY50,JIOFIN,2025-03-28,,regular,JIOFIN,semi-annual review,,https://www.niftyindices.com/Press_Release/ind_prs21022025.pdf,,verified,
NIFTY50,INDIGO,2025-09-30,,regular,INDIGO,semi-annual review,,https://www.niftyindices.com/Press_Release/ind_prs22082025.pdf,,verified,
NIFTY50,MAXHEALTH,2025-09-30,,regular,MAXHEALTH,semi-annual review,,https://www.niftyindices.com/Press_Release/ind_prs22082025.pdf,,verified,
NIFTY50,TMCV,2025-10-14,2025-11-17,demerger_placeholder,DUMMYTATAM,demerger placeholder DUMMYTATAM: Tata Motors ex-demerger (51 securities),placeholder exclusion after listing on 2025-11-12,https://www.niftyindices.com/Press_Release/ind_prs07102025.pdf,https://www.niftyindices.com/Press_Release/ind_prs13112025.pdf,verified,placeholder DUMMYTATAM until listing 2025-11-12; traded in index 2025-11-12..2025-11-14
NIFTY50,BSE,2026-09-30,,regular,BSE,semi-annual review announced 2026-08-10; not effective yet,,https://www.niftyindices.com/Press_Release/ind_prs10082026.pdf,,pending,inclusion effective 2026-09-30 announced 2026-08-10; pending until then
