security_id,storage_symbol,security_type,company_name,status,first_trade_date,last_trade_date,successor_security_id,notes
ACC,ACC,equity,ACC Limited,active,1996-11-20,,,
ADANIENT,ADANIENT,equity,Adani Enterprises Limited,active,1997-06-04,,,
ADANIPORTS,ADANIPORTS,equity,Adani Ports and Special Economic Zone Limited,active,2007-11-27,,,
AMBUJACEM,AMBUJACEM,equity,Ambuja Cements Limited,active,1998-02-18,,,
APOLLOHOSP,APOLLOHOSP,equity,Apollo Hospitals Enterprise Limited,active,1996-01-10,,,
ASIANPAINT,ASIANPAINT,equity,Asian Paints Limited,active,1995-05-31,,,
AUROPHARMA,AUROPHARMA,equity,Aurobindo Pharma Limited,active,2000-07-19,,,
AXISBANK,AXISBANK,equity,Axis Bank Limited,active,1998-11-16,,,
BAJAJ-AUTO,BAJAJ-AUTO,equity,Bajaj Auto Limited,active,2008-05-26,,,
BAJAJFINSV,BAJAJFINSV,equity,Bajaj Finserv Limited,active,2008-05-26,,,
BAJFINANCE,BAJFINANCE,equity,Bajaj Finance Limited,active,2003-04-01,,,
BANKBARODA,BANKBARODA,equity,Bank of Baroda,active,1997-02-19,,,
BEL,BEL,equity,Bharat Electronics Limited,active,2000-07-19,,,
BHARTIARTL,BHARTIARTL,equity,Bharti Airtel Limited,active,2002-02-15,,,
BHEL,BHEL,equity,Bharat Heavy Electricals Limited,active,2003-11-11,,,
BOSCHLTD,BOSCHLTD,equity,Bosch Limited,active,2003-05-12,,,
BPCL,BPCL,equity,Bharat Petroleum Corporation Limited,active,1995-09-13,,,
BRITANNIA,BRITANNIA,equity,Britannia Industries Limited,active,1998-11-05,,,
BSE,BSE,equity,BSE Limited,active,2017-02-03,,,
CAIRN,CAIRN,equity,Cairn India Limited,merged,2007-01-09,2017-04-25,VEDL,merged into Vedanta (VEDL); last traded 2017-04-25
CIPLA,CIPLA,equity,Cipla Limited,active,1995-02-08,,,
COALINDIA,COALINDIA,equity,Coal India Limited,active,2010-11-04,,,
DIVISLAB,DIVISLAB,equity,Divi's Laboratories Limited,active,2003-03-12,,,
DRREDDY,DRREDDY,equity,Dr. Reddy's Laboratories Limited,active,2003-05-30,,,
EICHERMOT,EICHERMOT,equity,Eicher Motors Limited,active,2004-09-07,,,
ETERNAL,ETERNAL,equity,Eternal Limited,active,2021-07-23,,,Zomato renamed; same ISIN
GAIL,GAIL,equity,GAIL (India) Limited,active,1997-04-02,,,
GRASIM,GRASIM,equity,Grasim Industries Limited,active,1995-05-10,,,
HCLTECH,HCLTECH,equity,HCL Technologies Limited,active,2000-01-06,,,
HDFC,HDFC,equity,Housing Development Finance Corporation Limited,merged,1996-10-23,2023-07-12,HDFCBANK,"Housing Development Finance Corporation; merged into HDFCBANK effective 2023-07-01, suspended 2023-07-13"
HDFCBANK,HDFCBANK,equity,HDFC Bank Limited,active,1995-11-08,,,
HDFCLIFE,HDFCLIFE,equity,HDFC Life Insurance Company Limited,active,2017-11-17,,,
HEROMOTOCO,HEROMOTOCO,equity,Hero MotoCorp Limited,active,2003-04-11,,,
HINDALCO,HINDALCO,equity,Hindalco Industries Limited,active,1997-01-08,,,
HINDPETRO,HINDPETRO,equity,Hindustan Petroleum Corporation Limited,active,1998-06-17,,,
HINDUNILVR,HINDUNILVR,equity,Hindustan Unilever Limited,active,1995-07-06,,,
ICICIBANK,ICICIBANK,equity,ICICI Bank Limited,active,1997-09-17,,,
IDEA,IDEA,equity,Vodafone Idea Limited,active,2007-03-09,,,
INDIGO,INDIGO,equity,InterGlobe Aviation Limited,active,2015-11-10,,,
INDUSINDBK,INDUSINDBK,equity,IndusInd Bank Limited,active,1998-01-28,,,
INDUSTOWER,INDUSTOWER,equity,Indus Towers Limited,active,2012-12-28,,,Bharti Infratel (INFRATEL) renamed Indus Towers after 2020 merger; same ISIN
INFY,INFY,equity,Infosys Limited,active,1995-02-08,,,
IOC,IOC,equity,Indian Oil Corporation Limited,active,1996-07-24,,,
ITC,ITC,equity,ITC Limited,active,1995-08-23,,,
ITCHOTELS,ITCHOTELS,equity,ITC Hotels Limited,active,2025-01-29,,,
JIOFIN,JIOFIN,equity,Jio Financial Services Limited,active,2023-08-21,,,
JSWSTEEL,JSWSTEEL,equity,JSW Steel Limited,active,2005-03-23,,,
KOTAKBANK,KOTAKBANK,equity,Kotak Mahindra Bank Limited,active,1995-12-20,,,
LT,LT,equity,Larsen & Toubro Limited,active,2004-06-23,,,
LTM,LTM,equity,LTM Limited,active,2016-07-21,,,L&T Infotech (LTI) -> LTIMindtree (LTIM) -> LTM; same ISIN
LUPIN,LUPIN,equity,Lupin Limited,active,2001-09-10,,,
M&M,M&M,equity,Mahindra & Mahindra Limited,active,1996-01-03,,,
MARUTI,MARUTI,equity,Maruti Suzuki India Limited,active,2003-07-09,,,
MAXHEALTH,MAXHEALTH,equity,Max Healthcare Institute Limited,active,2020-08-21,,,
NESTLEIND,NESTLEIND,equity,Nestle India Limited,active,,,,NSE lists 2023-08-01 as date of listing after the ISIN change; traded long before that
NTPC,NTPC,equity,NTPC Limited,active,2004-11-05,,,
ONGC,ONGC,equity,Oil & Natural Gas Corporation Limited,active,1995-07-19,,,
PNB,PNB,equity,Punjab National Bank,active,2002-04-24,,,
POWERGRID,POWERGRID,equity,Power Grid Corporation of India Limited,active,2007-10-05,,,
RELIANCE,RELIANCE,equity,Reliance Industries Limited,active,1995-11-29,,,
SAMMAANCAP,SAMMAANCAP,equity,Sammaan Capital Limited,active,2013-07-23,,,Indiabulls Housing Finance (IBULHSGFIN) renamed; same ISIN
SBILIFE,SBILIFE,equity,SBI Life Insurance Company Limited,active,2017-10-03,,,
SBIN,SBIN,equity,State Bank of India,active,1995-03-01,,,
SHREECEM,SHREECEM,equity,Shree Cement Limited,active,1995-04-26,,,
SHRIRAMFIN,SHRIRAMFIN,equity,Shriram Finance Limited,active,1996-12-11,,,
SUNPHARMA,SUNPHARMA,equity,Sun Pharmaceutical Industries Limited,active,1995-02-08,,,
TATACONSUM,TATACONSUM,equity,Tata Consumer Products Limited,active,1998-11-18,,,
TATAMTRDVR,TATAMTRDVR,equity_dvr,Tata Motors Limited - DVR,delisted,2008-11-05,2024-08-29,TMPV,"Tata Motors DVR 'A' ordinary shares; cancelled for 7 TATAMOTORS per 10 DVR, suspended 2024-08-30"
TATAPOWER,TATAPOWER,equity,Tata Power Company Limited,active,1996-04-03,,,
TATASTEEL,TATASTEEL,equity,Tata Steel Limited,active,1998-11-18,,,
TCS,TCS,equity,Tata Consultancy Services Limited,active,2004-08-25,,,
TECHM,TECHM,equity,Tech Mahindra Limited,active,2006-08-28,,,
TITAN,TITAN,equity,Titan Company Limited,active,2004-09-24,,,
TMCV,TMCV,equity,Tata Motors Limited,active,2025-11-12,,,"new Tata Motors Ltd (commercial vehicles) demerged 2025-10-14, listed 2025-11-12"
TMPV,TMPV,equity,Tata Motors Passenger Vehicles Limited,active,1998-07-22,,,legal successor of the pre-demerger Tata Motors Ltd (same ISIN); symbol TATAMOTORS until 2025-10-23
TRENT,TRENT,equity,Trent Limited,active,2004-06-07,,,
ULTRACEMCO,ULTRACEMCO,equity,UltraTech Cement Limited,active,2004-08-24,,,
UPL,UPL,equity,UPL Limited,active,2004-01-23,,,
VEDL,VEDL,equity,Vedanta Limited,active,1998-05-13,,,
WIPRO,WIPRO,equity,Wipro Limited,active,1995-11-08,,,
YESBANK,YESBANK,equity,Yes Bank Limited,active,2005-07-12,,,
ZEEL,ZEEL,equity,Zee Entertainment Enterprises Limited,active,1998-09-09,,,
NIFTY,NIFTY,index,NIFTY 50,active,,,,NIFTY 50 index; stored as nse_symbol NIFTY; volume column holds synthetic volume
