security_id,identifier_type,identifier_value,valid_from,valid_to,source,notes
ACC,nse_symbol,ACC,1900-01-01,,https://nsearchives.nseindia.com/content/equities/EQUITY_L.csv,
ACC,isin,INE012A01025,1900-01-01,,https://nsearchives.nseindia.com/content/equities/EQUITY_L.csv,
ADANIENT,nse_symbol,ADANIENT,1900-01-01,,https://nsearchives.nseindia.com/content/equities/EQUITY_L.csv,
ADANIENT,isin,INE423A01024,1900-01-01,,https://nsearchives.nseindia.com/content/equities/EQUITY_L.csv,
ADANIPORTS,nse_symbol,ADANIPORTS,1900-01-01,,https://nsearchives.nseindia.com/content/equities/EQUITY_L.csv,
ADANIPORTS,isin,INE742F01042,1900-01-01,,https://nsearchives.nseindia.com/content/equities/EQUITY_L.csv,
AMBUJACEM,nse_symbol,AMBUJACEM,1900-01-01,,https://nsearchives.nseindia.com/content/equities/EQUITY_L.csv,
AMBUJACEM,isin,INE079A01024,1900-01-01,,https://nsearchives.nseindia.com/content/equities/EQUITY_L.csv,
APOLLOHOSP,nse_symbol,APOLLOHOSP,1900-01-01,,https://nsearchives.nseindia.com/content/equities/EQUITY_L.csv,
APOLLOHOSP,isin,INE437A01024,1900-01-01,,https://nsearchives.nseindia.com/content/equities/EQUITY_L.csv,
ASIANPAINT,nse_symbol,ASIANPAINT,1900-01-01,,https://nsearchives.nseindia.com/content/equities/EQUITY_L.csv,
ASIANPAINT,isin,INE021A01026,1900-01-01,,https://nsearchives.nseindia.com/content/equities/EQUITY_L.csv,
AUROPHARMA,nse_symbol,AUROPHARMA,1900-01-01,,https://nsearchives.nseindia.com/content/equities/EQUITY_L.csv,
AUROPHARMA,isin,INE406A01037,1900-01-01,,https://nsearchives.nseindia.com/content/equities/EQUITY_L.csv,
AXISBANK,nse_symbol,AXISBANK,1900-01-01,,https://nsearchives.nseindia.com/content/equities/EQUITY_L.csv,
AXISBANK,isin,INE238A01034,1900-01-01,,https://nsearchives.nseindia.com/content/equities/EQUITY_L.csv,
BAJAJ-AUTO,nse_symbol,BAJAJ-AUTO,1900-01-01,,https://nsearchives.nseindia.com/content/equities/EQUITY_L.csv,
BAJAJ-AUTO,isin,INE917I01010,1900-01-01,,https://nsearchives.nseindia.com/content/equities/EQUITY_L.csv,
BAJAJFINSV,nse_symbol,BAJAJFINSV,1900-01-01,,https://nsearchives.nseindia.com/content/equities/EQUITY_L.csv,
BAJAJFINSV,isin,INE918I01026,1900-01-01,,https://nsearchives.nseindia.com/content/equities/EQUITY_L.csv,
BAJFINANCE,nse_symbol,BAJFINANCE,1900-01-01,,https://nsearchives.nseindia.com/content/equities/EQUITY_L.csv,
BAJFINANCE,isin,INE296A01032,1900-01-01,,https://nsearchives.nseindia.com/content/equities/EQUITY_L.csv,
BANKBARODA,nse_symbol,BANKBARODA,1900-01-01,,https://nsearchives.nseindia.com/content/equities/EQUITY_L.csv,
BANKBARODA,isin,INE028A01039,1900-01-01,,https://nsearchives.nseindia.com/content/equities/EQUITY_L.csv,
BEL,nse_symbol,BEL,1900-01-01,,https://nsearchives.nseindia.com/content/equities/EQUITY_L.csv,
BEL,isin,INE263A01024,1900-01-01,,https://nsearchives.nseindia.com/content/equities/EQUITY_L.csv,
BHARTIARTL,nse_symbol,BHARTIARTL,1900-01-01,,https://nsearchives.nseindia.com/content/equities/EQUITY_L.csv,
BHARTIARTL,isin,INE397D01024,1900-01-01,,https://nsearchives.nseindia.com/content/equities/EQUITY_L.csv,
BHEL,nse_symbol,BHEL,1900-01-01,,https://nsearchives.nseindia.com/content/equities/EQUITY_L.csv,
BHEL,isin,INE257A01026,1900-01-01,,https://nsearchives.nseindia.com/content/equities/EQUITY_L.csv,
BOSCHLTD,nse_symbol,BOSCHLTD,1900-01-01,,https://nsearchives.nseindia.com/content/equities/EQUITY_L.csv,
BOSCHLTD,isin,INE323A01026,1900-01-01,,https://nsearchives.nseindia.com/content/equities/EQUITY_L.csv,
BPCL,nse_symbol,BPCL,1900-01-01,,https://nsearchives.nseindia.com/content/equities/EQUITY_L.csv,
BPCL,isin,INE029A01011,1900-01-01,,https://nsearchives.nseindia.com/content/equities/EQUITY_L.csv,
BRITANNIA,nse_symbol,BRITANNIA,1900-01-01,,https://nsearchives.nseindia.com/content/equities/EQUITY_L.csv,
BRITANNIA,isin,INE216A01030,1900-01-01,,https://nsearchives.nseindia.com/content/equities/EQUITY_L.csv,
BSE,nse_symbol,BSE,1900-01-01,,https://nsearchives.nseindia.com/content/equities/EQUITY_L.csv,
BSE,isin,INE118H01025,1900-01-01,,https://nsearchives.nseindia.com/content/equities/EQUITY_L.csv,
CAIRN,nse_symbol,CAIRN,1900-01-01,2017-04-26,https://nsearchives.nseindia.com/content/equities/EQUITY_L.csv,
CAIRN,isin,INE910H01017,1900-01-01,,https://nsearchives.nseindia.com/content/equities/EQUITY_L.csv,
CIPLA,nse_symbol,CIPLA,1900-01-01,,https://nsearchives.nseindia.com/content/equities/EQUITY_L.csv,
CIPLA,isin,INE059A01026,1900-01-01,,https://nsearchives.nseindia.com/content/equities/EQUITY_L.csv,
COALINDIA,nse_symbol,COALINDIA,1900-01-01,,https://nsearchives.nseindia.com/content/equities/EQUITY_L.csv,
COALINDIA,isin,INE522F01014,1900-01-01,,https://nsearchives.nseindia.com/content/equities/EQUITY_L.csv,
DIVISLAB,nse_symbol,DIVISLAB,1900-01-01,,https://nsearchives.nseindia.com/content/equities/EQUITY_L.csv,
DIVISLAB,isin,INE361B01024,1900-01-01,,https://nsearchives.nseindia.com/content/equities/EQUITY_L.csv,
DRREDDY,nse_symbol,DRREDDY,1900-01-01,,https://nsearchives.nseindia.com/content/equities/EQUITY_L.csv,
DRREDDY,isin,INE089A01031,1900-01-01,,https://nsearchives.nseindia.com/content/equities/EQUITY_L.csv,
EICHERMOT,nse_symbol,EICHERMOT,1900-01-01,,https://nsearchives.nseindia.com/content/equities/EQUITY_L.csv,
EICHERMOT,isin,INE066A01021,1900-01-01,,https://nsearchives.nseindia.com/content/equities/EQUITY_L.csv,
ETERNAL,nse_symbol,ZOMATO,2021-07-23,2025-04-09,https://nsearchives.nseindia.com/content/equities/symbolchange.csv,
ETERNAL,nse_symbol,ETERNAL,2025-04-09,,https://nsearchives.nseindia.com/content/equities/symbolchange.csv,
ETERNAL,isin,INE758T01015,1900-01-01,,https://nsearchives.nseindia.com/content/equities/EQUITY_L.csv,
GAIL,nse_symbol,GAIL,1900-01-01,,https://nsearchives.nseindia.com/content/equities/EQUITY_L.csv,
GAIL,isin,INE129A01019,1900-01-01,,https://nsearchives.nseindia.com/content/equities/EQUITY_L.csv,
GRASIM,nse_symbol,GRASIM,1900-01-01,,https://nsearchives.nseindia.com/content/equities/EQUITY_L.csv,
GRASIM,isin,INE047A01021,1900-01-01,,https://nsearchives.nseindia.com/content/equities/EQUITY_L.csv,
HCLTECH,nse_symbol,HCLTECH,1900-01-01,,https://nsearchives.nseindia.com/content/equities/EQUITY_L.csv,
HCLTECH,isin,INE860A01027,1900-01-01,,https://nsearchives.nseindia.com/content/equities/EQUITY_L.csv,
HDFC,nse_symbol,HDFC,1900-01-01,2023-07-13,https://nsearchives.nseindia.com/content/equities/EQUITY_L.csv,
HDFC,isin,INE001A01036,1900-01-01,,https://nsearchives.nseindia.com/content/equities/EQUITY_L.csv,
HDFCBANK,nse_symbol,HDFCBANK,1900-01-01,,https://nsearchives.nseindia.com/content/equities/EQUITY_L.csv,
HDFCBANK,isin,INE040A01034,1900-01-01,,https://nsearchives.nseindia.com/content/equities/EQUITY_L.csv,
HDFCLIFE,nse_symbol,HDFCLIFE,1900-01-01,,https://nsearchives.nseindia.com/content/equities/EQUITY_L.csv,
HDFCLIFE,isin,INE795G01014,1900-01-01,,https://nsearchives.nseindia.com/content/equities/EQUITY_L.csv,
HEROMOTOCO,nse_symbol,HEROMOTOCO,1900-01-01,,https://nsearchives.nseindia.com/content/equities/EQUITY_L.csv,
HEROMOTOCO,isin,INE158A01026,1900-01-01,,https://nsearchives.nseindia.com/content/equities/EQUITY_L.csv,
HINDALCO,nse_symbol,HINDALCO,1900-01-01,,https://nsearchives.nseindia.com/content/equities/EQUITY_L.csv,
HINDALCO,isin,INE038A01020,1900-01-01,,https://nsearchives.nseindia.com/content/equities/EQUITY_L.csv,
HINDPETRO,nse_symbol,HINDPETRO,1900-01-01,,https://nsearchives.nseindia.com/content/equities/EQUITY_L.csv,
HINDPETRO,isin,INE094A01015,1900-01-01,,https://nsearchives.nseindia.com/content/equities/EQUITY_L.csv,
HINDUNILVR,nse_symbol,HINDUNILVR,1900-01-01,,https://nsearchives.nseindia.com/content/equities/EQUITY_L.csv,
HINDUNILVR,isin,INE030A01027,1900-01-01,,https://nsearchives.nseindia.com/content/equities/EQUITY_L.csv,
ICICIBANK,nse_symbol,ICICIBANK,1900-01-01,,https://nsearchives.nseindia.com/content/equities/EQUITY_L.csv,
ICICIBANK,isin,INE090A01021,1900-01-01,,https://nsearchives.nseindia.com/content/equities/EQUITY_L.csv,
IDEA,nse_symbol,IDEA,1900-01-01,,https://nsearchives.nseindia.com/content/equities/EQUITY_L.csv,
IDEA,isin,INE669E01016,1900-01-01,,https://nsearchives.nseindia.com/content/equities/EQUITY_L.csv,
INDIGO,nse_symbol,INDIGO,1900-01-01,,https://nsearchives.nseindia.com/content/equities/EQUITY_L.csv,
INDIGO,isin,INE646L01027,1900-01-01,,https://nsearchives.nseindia.com/content/equities/EQUITY_L.csv,
INDUSINDBK,nse_symbol,INDUSINDBK,1900-01-01,,https://nsearchives.nseindia.com/content/equities/EQUITY_L.csv,
INDUSINDBK,isin,INE095A01012,1900-01-01,,https://nsearchives.nseindia.com/content/equities/EQUITY_L.csv,
INDUSTOWER,nse_symbol,INFRATEL,1900-01-01,2020-12-18,https://nsearchives.nseindia.com/content/equities/symbolchange.csv,
INDUSTOWER,nse_symbol,INDUSTOWER,2020-12-18,,https://nsearchives.nseindia.com/content/equities/symbolchange.csv,
INDUSTOWER,isin,INE121J01017,1900-01-01,,https://nsearchives.nseindia.com/content/equities/EQUITY_L.csv,
INFY,nse_symbol,INFY,1900-01-01,,https://nsearchives.nseindia.com/content/equities/EQUITY_L.csv,
INFY,isin,INE009A01021,1900-01-01,,https://nsearchives.nseindia.com/content/equities/EQUITY_L.csv,
IOC,nse_symbol,IOC,1900-01-01,,https://nsearchives.nseindia.com/content/equities/EQUITY_L.csv,
IOC,isin,INE242A01010,1900-01-01,,https://nsearchives.nseindia.com/content/equities/EQUITY_L.csv,
ITC,nse_symbol,ITC,1900-01-01,,https://nsearchives.nseindia.com/content/equities/EQUITY_L.csv,
ITC,isin,INE154A01025,1900-01-01,,https://nsearchives.nseindia.com/content/equities/EQUITY_L.csv,
ITCHOTELS,nse_symbol,ITCHOTELS,1900-01-01,,https://nsearchives.nseindia.com/content/equities/EQUITY_L.csv,
ITCHOTELS,isin,INE379A01028,1900-01-01,,https://nsearchives.nseindia.com/content/equities/EQUITY_L.csv,
JIOFIN,nse_symbol,JIOFIN,1900-01-01,,https://nsearchives.nseindia.com/content/equities/EQUITY_L.csv,
JIOFIN,isin,INE758E01017,1900-01-01,,https://nsearchives.nseindia.com/content/equities/EQUITY_L.csv,
JSWSTEEL,nse_symbol,JSWSTEEL,1900-01-01,,https://nsearchives.nseindia.com/content/equities/EQUITY_L.csv,
JSWSTEEL,isin,INE019A01038,1900-01-01,,https://nsearchives.nseindia.com/content/equities/EQUITY_L.csv,
KOTAKBANK,nse_symbol,KOTAKBANK,1900-01-01,,https://nsearchives.nseindia.com/content/equities/EQUITY_L.csv,
KOTAKBANK,isin,INE237A01036,1900-01-01,,https://nsearchives.nseindia.com/content/equities/EQUITY_L.csv,
LT,nse_symbol,LT,1900-01-01,,https://nsearchives.nseindia.com/content/equities/EQUITY_L.csv,
LT,isin,INE018A01030,1900-01-01,,https://nsearchives.nseindia.com/content/equities/EQUITY_L.csv,
LTM,nse_symbol,LTI,2016-07-21,2022-12-05,https://nsearchives.nseindia.com/content/equities/symbolchange.csv,
LTM,nse_symbol,LTIM,2022-12-05,2026-02-27,https://nsearchives.nseindia.com/content/equities/symbolchange.csv,
LTM,nse_symbol,LTM,2026-02-27,,https://nsearchives.nseindia.com/content/equities/symbolchange.csv,
LTM,isin,INE214T01019,1900-01-01,,https://nsearchives.nseindia.com/content/equities/EQUITY_L.csv,
LUPIN,nse_symbol,LUPIN,1900-01-01,,https://nsearchives.nseindia.com/content/equities/EQUITY_L.csv,
LUPIN,isin,INE326A01037,1900-01-01,,https://nsearchives.nseindia.com/content/equities/EQUITY_L.csv,
M&M,nse_symbol,M&M,1900-01-01,,https://nsearchives.nseindia.com/content/equities/EQUITY_L.csv,
M&M,isin,INE101A01026,1900-01-01,,https://nsearchives.nseindia.com/content/equities/EQUITY_L.csv,
MARUTI,nse_symbol,MARUTI,1900-01-01,,https://nsearchives.nseindia.com/content/equities/EQUITY_L.csv,
MARUTI,isin,INE585B01010,1900-01-01,,https://nsearchives.nseindia.com/content/equities/EQUITY_L.csv,
MAXHEALTH,nse_symbol,MAXHEALTH,1900-01-01,,https://nsearchives.nseindia.com/content/equities/EQUITY_L.csv,
MAXHEALTH,isin,INE027H01010,1900-01-01,,https://nsearchives.nseindia.com/content/equities/EQUITY_L.csv,
NESTLEIND,nse_symbol,NESTLEIND,1900-01-01,,https://nsearchives.nseindia.com/content/equities/EQUITY_L.csv,
NESTLEIND,isin,INE239A01016,1900-01-01,2024-01-05,https://nsearchives.nseindia.com/content/equities/EQUITY_L.csv,unverified: old ISIN before the 1:10 split
NESTLEIND,isin,INE239A01024,2024-01-05,,https://nsearchives.nseindia.com/content/equities/EQUITY_L.csv,
NTPC,nse_symbol,NTPC,1900-01-01,,https://nsearchives.nseindia.com/content/equities/EQUITY_L.csv,
NTPC,isin,INE733E01010,1900-01-01,,https://nsearchives.nseindia.com/content/equities/EQUITY_L.csv,
ONGC,nse_symbol,ONGC,1900-01-01,,https://nsearchives.nseindia.com/content/equities/EQUITY_L.csv,
ONGC,isin,INE213A01029,1900-01-01,,https://nsearchives.nseindia.com/content/equities/EQUITY_L.csv,
PNB,nse_symbol,PNB,1900-01-01,,https://nsearchives.nseindia.com/content/equities/EQUITY_L.csv,
PNB,isin,INE160A01022,1900-01-01,,https://nsearchives.nseindia.com/content/equities/EQUITY_L.csv,
POWERGRID,nse_symbol,POWERGRID,1900-01-01,,https://nsearchives.nseindia.com/content/equities/EQUITY_L.csv,
POWERGRID,isin,INE752E01010,1900-01-01,,https://nsearchives.nseindia.com/content/equities/EQUITY_L.csv,
RELIANCE,nse_symbol,RELIANCE,1900-01-01,,https://nsearchives.nseindia.com/content/equities/EQUITY_L.csv,
RELIANCE,isin,INE002A01018,1900-01-01,,https://nsearchives.nseindia.com/content/equities/EQUITY_L.csv,
SAMMAANCAP,nse_symbol,IBULHSGFIN,1900-01-01,2024-07-26,https://nsearchives.nseindia.com/content/equities/symbolchange.csv,
SAMMAANCAP,nse_symbol,SAMMAANCAP,2024-07-26,,https://nsearchives.nseindia.com/content/equities/symbolchange.csv,
SAMMAANCAP,isin,INE148I01020,1900-01-01,,https://nsearchives.nseindia.com/content/equities/EQUITY_L.csv,
SBILIFE,nse_symbol,SBILIFE,1900-01-01,,https://nsearchives.nseindia.com/content/equities/EQUITY_L.csv,
SBILIFE,isin,INE123W01016,1900-01-01,,https://nsearchives.nseindia.com/content/equities/EQUITY_L.csv,
SBIN,nse_symbol,SBIN,1900-01-01,,https://nsearchives.nseindia.com/content/equities/EQUITY_L.csv,
SBIN,isin,INE062A01020,1900-01-01,,https://nsearchives.nseindia.com/content/equities/EQUITY_L.csv,
SHREECEM,nse_symbol,SHREECEM,1900-01-01,,https://nsearchives.nseindia.com/content/equities/EQUITY_L.csv,
SHREECEM,isin,INE070A01015,1900-01-01,,https://nsearchives.nseindia.com/content/equities/EQUITY_L.csv,
SHRIRAMFIN,nse_symbol,SRTRANSFIN,1900-01-01,2022-12-20,https://nsearchives.nseindia.com/content/equities/symbolchange.csv,
SHRIRAMFIN,nse_symbol,SHRIRAMFIN,2022-12-20,,https://nsearchives.nseindia.com/content/equities/symbolchange.csv,
SHRIRAMFIN,isin,INE721A01047,1900-01-01,,https://nsearchives.nseindia.com/content/equities/EQUITY_L.csv,
SUNPHARMA,nse_symbol,SUNPHARMA,1900-01-01,,https://nsearchives.nseindia.com/content/equities/EQUITY_L.csv,
SUNPHARMA,isin,INE044A01036,1900-01-01,,https://nsearchives.nseindia.com/content/equities/EQUITY_L.csv,
TATACONSUM,nse_symbol,TATAGLOBAL,1900-01-01,2020-02-27,https://nsearchives.nseindia.com/content/equities/symbolchange.csv,
TATACONSUM,nse_symbol,TATACONSUM,2020-02-27,,https://nsearchives.nseindia.com/content/equities/symbolchange.csv,
TATACONSUM,isin,INE192A01025,1900-01-01,,https://nsearchives.nseindia.com/content/equities/EQUITY_L.csv,
TATAMTRDVR,nse_symbol,TATAMTRDVR,1900-01-01,2024-08-30,https://nsearchives.nseindia.com/content/equities/EQUITY_L.csv,
TATAMTRDVR,isin,IN9155A01020,1900-01-01,,https://nsearchives.nseindia.com/content/equities/EQUITY_L.csv,
TATAPOWER,nse_symbol,TATAPOWER,1900-01-01,,https://nsearchives.nseindia.com/content/equities/EQUITY_L.csv,
TATAPOWER,isin,INE245A01021,1900-01-01,,https://nsearchives.nseindia.com/content/equities/EQUITY_L.csv,
TATASTEEL,nse_symbol,TATASTEEL,1900-01-01,,https://nsearchives.nseindia.com/content/equities/EQUITY_L.csv,
TATASTEEL,isin,INE081A01020,1900-01-01,,https://nsearchives.nseindia.com/content/equities/EQUITY_L.csv,
TCS,nse_symbol,TCS,1900-01-01,,https://nsearchives.nseindia.com/content/equities/EQUITY_L.csv,
TCS,isin,INE467B01029,1900-01-01,,https://nsearchives.nseindia.com/content/equities/EQUITY_L.csv,
TECHM,nse_symbol,TECHM,1900-01-01,,https://nsearchives.nseindia.com/content/equities/EQUITY_L.csv,
TECHM,isin,INE669C01036,1900-01-01,,https://nsearchives.nseindia.com/content/equities/EQUITY_L.csv,
TITAN,nse_symbol,TITAN,1900-01-01,,https://nsearchives.nseindia.com/content/equities/EQUITY_L.csv,
TITAN,isin,INE280A01028,1900-01-01,,https://nsearchives.nseindia.com/content/equities/EQUITY_L.csv,
TMCV,nse_symbol,TMCV,1900-01-01,,https://nsearchives.nseindia.com/content/equities/EQUITY_L.csv,
TMCV,isin,INE1TAE01010,1900-01-01,,https://nsearchives.nseindia.com/content/equities/EQUITY_L.csv,
TMPV,nse_symbol,TATAMOTORS,1900-01-01,2025-10-24,https://nsearchives.nseindia.com/content/equities/symbolchange.csv,
TMPV,nse_symbol,TMPV,2025-10-24,,https://nsearchives.nseindia.com/content/equities/symbolchange.csv,
TMPV,isin,INE155A01022,1900-01-01,,https://nsearchives.nseindia.com/content/equities/EQUITY_L.csv,
TRENT,nse_symbol,TRENT,1900-01-01,,https://nsearchives.nseindia.com/content/equities/EQUITY_L.csv,
TRENT,isin,INE849A01020,1900-01-01,,https://nsearchives.nseindia.com/content/equities/EQUITY_L.csv,
ULTRACEMCO,nse_symbol,ULTRACEMCO,1900-01-01,,https://nsearchives.nseindia.com/content/equities/EQUITY_L.csv,
ULTRACEMCO,isin,INE481G01011,1900-01-01,,https://nsearchives.nseindia.com/content/equities/EQUITY_L.csv,
UPL,nse_symbol,UPL,1900-01-01,,https://nsearchives.nseindia.com/content/equities/EQUITY_L.csv,
UPL,isin,INE628A01036,1900-01-01,,https://nsearchives.nseindia.com/content/equities/EQUITY_L.csv,
VEDL,nse_symbol,VEDL,1900-01-01,,https://nsearchives.nseindia.com/content/equities/EQUITY_L.csv,
VEDL,isin,INE205A01025,1900-01-01,,https://nsearchives.nseindia.com/content/equities/EQUITY_L.csv,
WIPRO,nse_symbol,WIPRO,1900-01-01,,https://nsearchives.nseindia.com/content/equities/EQUITY_L.csv,
WIPRO,isin,INE075A01022,1900-01-01,,https://nsearchives.nseindia.com/content/equities/EQUITY_L.csv,
YESBANK,nse_symbol,YESBANK,1900-01-01,,https://nsearchives.nseindia.com/content/equities/EQUITY_L.csv,
YESBANK,isin,INE528G01035,1900-01-01,,https://nsearchives.nseindia.com/content/equities/EQUITY_L.csv,
ZEEL,nse_symbol,ZEEL,1900-01-01,,https://nsearchives.nseindia.com/content/equities/EQUITY_L.csv,
ZEEL,isin,INE256A01028,1900-01-01,,https://nsearchives.nseindia.com/content/equities/EQUITY_L.csv,
